{
  "id": "2321474",
  "name": "themes_MT4",
  "font_family": "iconfont",
  "css_prefix_text": "icon_",
  "description": "",
  "glyphs": [
    {
      "icon_id": "20987273",
      "name": "客服",
      "font_class": "kefu",
      "unicode": "e66a",
      "unicode_decimal": 58986
    },
    {
      "icon_id": "20974825",
      "name": "存款",
      "font_class": "cunkuan",
      "unicode": "e665",
      "unicode_decimal": 58981
    },
    {
      "icon_id": "20974826",
      "name": "个人信息",
      "font_class": "gerenxinxi",
      "unicode": "e666",
      "unicode_decimal": 58982
    },
    {
      "icon_id": "20974827",
      "name": "取款",
      "font_class": "qukuan",
      "unicode": "e667",
      "unicode_decimal": 58983
    },
    {
      "icon_id": "20974828",
      "name": "资金明细",
      "font_class": "zijinmingxi",
      "unicode": "e668",
      "unicode_decimal": 58984
    },
    {
      "icon_id": "20974829",
      "name": "界面",
      "font_class": "jiemian",
      "unicode": "e669",
      "unicode_decimal": 58985
    },
    {
      "icon_id": "20905074",
      "name": "全部已读",
      "font_class": "quanbuyidu",
      "unicode": "e660",
      "unicode_decimal": 58976
    },
    {
      "icon_id": "20905075",
      "name": "图表线",
      "font_class": "tubiaoxian",
      "unicode": "e661",
      "unicode_decimal": 58977
    },
    {
      "icon_id": "20905076",
      "name": "相机",
      "font_class": "xiangji",
      "unicode": "e662",
      "unicode_decimal": 58978
    },
    {
      "icon_id": "20905077",
      "name": "柱形图",
      "font_class": "zhuxingtu",
      "unicode": "e663",
      "unicode_decimal": 58979
    },
    {
      "icon_id": "20905078",
      "name": "阴阳烛",
      "font_class": "yinyangzhu",
      "unicode": "e664",
      "unicode_decimal": 58980
    },
    {
      "icon_id": "20683921",
      "name": "close",
      "font_class": "close",
      "unicode": "e652",
      "unicode_decimal": 58962
    },
    {
      "icon_id": "20683922",
      "name": "arrow-up",
      "font_class": "arrow-up",
      "unicode": "e653",
      "unicode_decimal": 58963
    },
    {
      "icon_id": "20683923",
      "name": "arrow-down",
      "font_class": "arrow-down1",
      "unicode": "e654",
      "unicode_decimal": 58964
    },
    {
      "icon_id": "20683924",
      "name": "back",
      "font_class": "back",
      "unicode": "e655",
      "unicode_decimal": 58965
    },
    {
      "icon_id": "20683925",
      "name": "add",
      "font_class": "add1",
      "unicode": "e656",
      "unicode_decimal": 58966
    },
    {
      "icon_id": "20683926",
      "name": "wait",
      "font_class": "wait",
      "unicode": "e657",
      "unicode_decimal": 58967
    },
    {
      "icon_id": "20683927",
      "name": "success",
      "font_class": "success",
      "unicode": "e658",
      "unicode_decimal": 58968
    },
    {
      "icon_id": "20683928",
      "name": "fail",
      "font_class": "fail",
      "unicode": "e659",
      "unicode_decimal": 58969
    },
    {
      "icon_id": "20683929",
      "name": "eye",
      "font_class": "eye",
      "unicode": "e65a",
      "unicode_decimal": 58970
    },
    {
      "icon_id": "20683930",
      "name": "password",
      "font_class": "password",
      "unicode": "e65b",
      "unicode_decimal": 58971
    },
    {
      "icon_id": "20683931",
      "name": "arrow-right",
      "font_class": "arrow-right",
      "unicode": "e65c",
      "unicode_decimal": 58972
    },
    {
      "icon_id": "20683932",
      "name": "choose",
      "font_class": "choose",
      "unicode": "e65d",
      "unicode_decimal": 58973
    },
    {
      "icon_id": "20683933",
      "name": "eye-off",
      "font_class": "eye-off",
      "unicode": "e65e",
      "unicode_decimal": 58974
    },
    {
      "icon_id": "20683934",
      "name": "upload",
      "font_class": "upload",
      "unicode": "e65f",
      "unicode_decimal": 58975
    },
    {
      "icon_id": "18883619",
      "name": "facebook",
      "font_class": "facebook",
      "unicode": "e94b",
      "unicode_decimal": 59723
    },
    {
      "icon_id": "11983544",
      "name": "google",
      "font_class": "google",
      "unicode": "ea0c",
      "unicode_decimal": 59916
    },
    {
      "icon_id": "7560684",
      "name": "back",
      "font_class": "arrow-down",
      "unicode": "e873",
      "unicode_decimal": 59507
    },
    {
      "icon_id": "12260713",
      "name": "icon8_pressed",
      "font_class": "icon_pressed",
      "unicode": "e650",
      "unicode_decimal": 58960
    },
    {
      "icon_id": "12260714",
      "name": "icon8_default",
      "font_class": "icon_default",
      "unicode": "e651",
      "unicode_decimal": 58961
    },
    {
      "icon_id": "19467284",
      "name": "市场关闭",
      "font_class": "shichangguanbi",
      "unicode": "e64d",
      "unicode_decimal": 58957
    },
    {
      "icon_id": "19451818",
      "name": "成功",
      "font_class": "chenggong",
      "unicode": "e64a",
      "unicode_decimal": 58954
    },
    {
      "icon_id": "19451771",
      "name": "排队",
      "font_class": "paidui",
      "unicode": "e64c",
      "unicode_decimal": 58956
    },
    {
      "icon_id": "19407771",
      "name": "日历",
      "font_class": "rili",
      "unicode": "e64f",
      "unicode_decimal": 58959
    },
    {
      "icon_id": "19368025",
      "name": "减",
      "font_class": "jian",
      "unicode": "e644",
      "unicode_decimal": 58948
    },
    {
      "icon_id": "19368026",
      "name": "画线",
      "font_class": "huaxian",
      "unicode": "e645",
      "unicode_decimal": 58949
    },
    {
      "icon_id": "19368027",
      "name": "箭头",
      "font_class": "jiantou",
      "unicode": "e646",
      "unicode_decimal": 58950
    },
    {
      "icon_id": "19368028",
      "name": "排序",
      "font_class": "paixu",
      "unicode": "e647",
      "unicode_decimal": 58951
    },
    {
      "icon_id": "19368029",
      "name": "返回",
      "font_class": "fanhui",
      "unicode": "e648",
      "unicode_decimal": 58952
    },
    {
      "icon_id": "19368030",
      "name": "加",
      "font_class": "jia1",
      "unicode": "e649",
      "unicode_decimal": 58953
    },
    {
      "icon_id": "19368031",
      "name": "新订单",
      "font_class": "xindingdan",
      "unicode": "e64b",
      "unicode_decimal": 58955
    },
    {
      "icon_id": "19368034",
      "name": "时间",
      "font_class": "shijian",
      "unicode": "e64e",
      "unicode_decimal": 58958
    },
    {
      "icon_id": "19358601",
      "name": "编辑",
      "font_class": "bianji1",
      "unicode": "e62e",
      "unicode_decimal": 58926
    },
    {
      "icon_id": "19358602",
      "name": "标记",
      "font_class": "biaoji",
      "unicode": "e62f",
      "unicode_decimal": 58927
    },
    {
      "icon_id": "19358603",
      "name": "笔",
      "font_class": "bi",
      "unicode": "e630",
      "unicode_decimal": 58928
    },
    {
      "icon_id": "19358604",
      "name": "垃圾桶",
      "font_class": "lajitong",
      "unicode": "e631",
      "unicode_decimal": 58929
    },
    {
      "icon_id": "19358605",
      "name": "行情",
      "font_class": "hangqing",
      "unicode": "e632",
      "unicode_decimal": 58930
    },
    {
      "icon_id": "19358606",
      "name": "f",
      "font_class": "f",
      "unicode": "e633",
      "unicode_decimal": 58931
    },
    {
      "icon_id": "19358607",
      "name": "信息",
      "font_class": "xinxi",
      "unicode": "e634",
      "unicode_decimal": 58932
    },
    {
      "icon_id": "19358608",
      "name": "安全",
      "font_class": "anquan",
      "unicode": "e635",
      "unicode_decimal": 58933
    },
    {
      "icon_id": "19358609",
      "name": "demo",
      "font_class": "demo",
      "unicode": "e636",
      "unicode_decimal": 58934
    },
    {
      "icon_id": "19358610",
      "name": "设置",
      "font_class": "shezhi",
      "unicode": "e637",
      "unicode_decimal": 58935
    },
    {
      "icon_id": "19358611",
      "name": "add",
      "font_class": "add",
      "unicode": "e638",
      "unicode_decimal": 58936
    },
    {
      "icon_id": "19358612",
      "name": "经济日历",
      "font_class": "jingjirili",
      "unicode": "e639",
      "unicode_decimal": 58937
    },
    {
      "icon_id": "19358613",
      "name": "更多",
      "font_class": "gengduo",
      "unicode": "e63a",
      "unicode_decimal": 58938
    },
    {
      "icon_id": "19358614",
      "name": "提示",
      "font_class": "tishi",
      "unicode": "e63b",
      "unicode_decimal": 58939
    },
    {
      "icon_id": "19358615",
      "name": "邮箱",
      "font_class": "youxiang",
      "unicode": "e63c",
      "unicode_decimal": 58940
    },
    {
      "icon_id": "19358616",
      "name": "图表",
      "font_class": "tubiao",
      "unicode": "e63d",
      "unicode_decimal": 58941
    },
    {
      "icon_id": "19358617",
      "name": "转换",
      "font_class": "zhuanhuan",
      "unicode": "e63e",
      "unicode_decimal": 58942
    },
    {
      "icon_id": "19358618",
      "name": "历史",
      "font_class": "lishi",
      "unicode": "e63f",
      "unicode_decimal": 58943
    },
    {
      "icon_id": "19358619",
      "name": "菜单",
      "font_class": "caidan1",
      "unicode": "e640",
      "unicode_decimal": 58944
    },
    {
      "icon_id": "19358620",
      "name": "新闻",
      "font_class": "xinwen",
      "unicode": "e641",
      "unicode_decimal": 58945
    },
    {
      "icon_id": "19358621",
      "name": "real",
      "font_class": "real",
      "unicode": "e642",
      "unicode_decimal": 58946
    },
    {
      "icon_id": "19358622",
      "name": "交易",
      "font_class": "jiaoyi",
      "unicode": "e643",
      "unicode_decimal": 58947
    }
  ]
}
